OverallHealth,QualityVOC,DeliveryVOC,QuarterRate,ACT,OTD,SPAN,SysteName,WeekNo,RecognitionComments,SafteyComments,SystemType,QuarterRatePro,ACTPro,OTDPro,SPANPro
Green,Yellow,Red,3,9,98%,34,NNN,W1,,,SYS,13,19,74%,87
Yellow,Red,Green,7,4,123,-58,OOO,W1,,,ENG,22,98,96,-98
Green,Red,Red,7,4,46,-22,OOO,W2,,,ENG,22,98,34,-22
Red,Green,Yellow,7,4,85,-93,OOO,W3,,,ENG,22,98,81,-66
Green,Red,Green,7,4,123,-104,OOO,W4,,,ENG,22,98,53,-33
Green,Yellow,Red,3,9,98%,34,NNN,W2,,,SYS,13,19,74%,87
Green,Yellow,Red,3,9,98%,34,NNN,W3,,,SYS,13,19,74%,87
Green,Yellow,Red,3,9,98%,34,NNN,W4,,,SYS,13,19,74%,87
