[
   {
      "cross":{
         "0":"white",
         "1":"green",
         "2":"white",
         "3":"yellow",
         "4":"green",
         "5":"red",
         "6":"white",
         "7":"yellow",
         "8":"white"
      },
      "safteyNotes":"",
      "recNotes":"",
      "rows":[
         {
            "kpi":{
              "Notes":"",
               "act":"3",
               "rate":"6",
               "pie":[
                  "yellow",
                  "yellow",
                  "green",
                  "red",
                  "white"
               ],
               "truck":[
                  "red",
                  "green",
                  "red",
                  "yellow",
                  "white"
               ],
               "otd":[
                  [
                     1,
                     0
                  ],
                  [
                     2,
                     15
                  ],
                  [
                     3,
                     50
                  ],
                  [
                     4,
                     0
                  ]
               ],
               "sp":[
                  [
                     1,
                     -105
                  ],
                  [
                     2,
                     -110
                  ],
                  [
                     3,
                     -103
                  ],
                  [
                     4,
                     -109
                  ]
               ]
            },
            "name":"GE90",
            "action":"",
            "Cost":"",
            "prokpi":{
              "Notes":"",
               "act":"3",
               "rate":"6",
              "pie":[
                  "yellow",
                  "yellow",
                  "green",
                  "red",
                  "white"
               ],
               "truck":[
                  "red",
                  "green",
                  "red",
                  "yellow",
                  "white"
               ],
               "otd":[
                  [
                     1,
                     0
                  ],
                  [
                     2,
                     15
                  ],
                  [
                     3,
                     50
                  ],
                  [
                     4,
                     0
                  ]
               ],
               "sp":[
                  [
                     1,
                     10
                  ],
                  [
                     2,
                     11
                  ],
                  [
                     3,
                     20
                  ],
                  [
                     4,
                     30
                  ]
               ]
            },
            "quality":{
               "qvoc":"red",
               "dvoc":"yellow",
               "n1":"",
               "n2":""
            }
         }
      ]
   }
]
