[
   {
      "cross":{
         "0":"white",
         "1":"Green",
         "2":"white",
         "3":"yellow",
         "4":"green",
         "5":"red",
         "6":"white",
         "7":"yellow",
         "8":"white"
      },
      "safteyNotes":"",
      "recNotes":"",
      "rows":[
         {
            "kpi":{
               "act":"12",
               "rate":"109",
               "pie":[
                  "Green",
                  "green",
                  "Red",
                  "green",
                  "white"
               ],
               "truck":[
                  "Yellow",
                  "yellow",
                  "yellow",
                  "yellow",
                  "white"
               ],
               "otds":[10, 30, 40, 50]
               ,
               "otd":[
                  [
                     1,
                     13
                  ],
                  [
                     2,
                     17
                  ],
                  [
                     3,
                     43
                  ],
                  [
                     4,
                     43
                  ]
               ],
               "sp":[
                  [
                     1,
                     15
                  ],
                  [
                     2,
                     15
                  ],
                  [
                     3,
                     12
                  ],
                  [
                     4,
                     15
                  ]
               ]
            },
            "name":"BDS",
            "action":"",
            "Notes":"",
            "quality":{
               "qvoc":"Green",
               "dvoc":"Yellow",
               "n1":"",
               "n2":""
            }
         },
         {
            "kpi":{
               "act":"27",
               "rate":"108",
               "pie":[
                  "green",
                  "green",
                  "green",
                  "green",
                  "white"
               ],
               "truck":[
                  "yellow",
                  "yellow",
                  "green",
                  "green",
                  "white"
               ],
               "otd":[
                  [
                     1,
                     1
                  ],
                  [
                     2,
                     15
                  ],
                  [
                     3,
                     10
                  ],
                  [
                     4,
                     32
                  ]
               ],
               "sp":[
                  [
                     1,
                     12
                  ],
                  [
                     2,
                     20
                  ],
                  [
                     3,
                     9
                  ],
                  [
                     4,
                     10
                  ]
               ]
            },
            "name":"LM",
            "action":"",
            "Notes":"",
            "quality":{
               "qvoc":"green",
               "dvoc":"green",
               "n1":"finalizing dip/qip negotiations for end of january",
               "n2":"safteytext"
            }
         },
         {
            "kpi":{
               "act":"45",
               "rate":"123",
               "pie":[
                  "white",
                  "white",
                  "white",
                  "green",
                  "white"
               ],
               "truck":[
                  "white",
                  "white",
                  "white",
                  "yellow",
                  "white"
               ],
               "otd":[
                  [
                     1,
                     0
                  ],
                  [
                     2,
                     0
                  ],
                  [
                     3,
                     0
                  ],
                  [
                     4,
                     65
                  ]
               ],
               "sp":[
                  [
                     1,
                     0
                  ],
                  [
                     2,
                     0
                  ],
                  [
                     3,
                     0
                  ],
                  [
                     4,
                     34
                  ]
               ]
            },
            "name":"BCA",
            "action":"",
            "Notes":"",
            "quality":{
               "qvoc":"green",
               "dvoc":"yellow",
               "n1":"",
               "n2":""
            }
         },
         {
            "kpi":{
               "act":"45",
               "rate":"123",
               "pie":[
                  "white",
                  "white",
                  "white",
                  "green",
                  "white"
               ],
               "truck":[
                  "white",
                  "white",
                  "white",
                  "yellow",
                  "white"
               ],
               "otd":[
                  [
                     1,
                     0
                  ],
                  [
                     2,
                     0
                  ],
                  [
                     3,
                     0
                  ],
                  [
                     4,
                     65
                  ]
               ],
               "sp":[
                  [
                     1,
                     0
                  ],
                  [
                     2,
                     0
                  ],
                  [
                     3,
                     0
                  ],
                  [
                     4,
                     34
                  ]
               ]
            },
            "name":"BCA",
            "action":"",
            "Notes":"",
            "quality":{
               "qvoc":"green",
               "dvoc":"yellow",
               "n1":"",
               "n2":""
            }
         }
      ]
   }
]
