[
    {
        "uri": "parent",
        "classification": "parent",
        "description": "Parent Asset",
        "assetId": "Parent Asset",
        "parent": null,
        "children": [
            {
                "uri": "child",
                "classification": "child",
                "description": "Child Asset",
                "assetId": "Child Asset",
                "parent": null
            },
            {
                "uri": "child2",
                "classification": "child",
                "description": "Child Asset 2",
                "assetId": "Child Asset 2",
                "parent": null
            },
            {
                "uri": "child3",
                "classification": "child",
                "description": "Child Asset 3",
                "assetId": "Child Asset 3",
                "parent": null
            }
        ]
    }
]
